Row #,Taxon Order,Category,Common Name,Scientific Name,Count,Location,S/P,Date,LocID,SubID,Exotic,Countable
1,16126,species,ferreirinho-relógio,Todirostrum cinereum,2,Mandacaru Suítes - Itamambuca,BR-SP,05 Jan 2024,L28649348,S158149464,,1
2,13554,species,chorozinho-de-asa-vermelha,Herpsilochmus rufimarginatus,2,Mandacaru Suítes - Itamambuca,BR-SP,05 Jan 2024,L28649348,S158149464,,1
3,3553,species,bacurau,Nyctidromus albicollis,1,Sítio do Engenho,BR-SP,05 Sep 2023,L21434561,S149095633,,1
4,12587,species,periquito-de-encontro-amarelo,Brotogeris chiriri,2,Jardins do ICC (UnB),BR-DF,29 Aug 2023,L26813360,S148364131,,1
5,7568,species,curicaca,Theristicus caudatus,1,CEM Asa Norte,BR-DF,29 Aug 2023,L26813179,S148363264,,1
6,12696,species,papagaio-verdadeiro,Amazona aestiva,1,São Paulo--Praça Pôr do Sol,BR-SP,25 Aug 2023,L10971805,S148071395,,1
7,5385,species,saracura-sanã,Pardirallus nigricans,1,Sítio do Engenho,BR-SP,11 Aug 2023,L21434561,S146971207,,1
8,75,species,inhambuguaçu,Crypturellus obsoletus,1,Sítio do Engenho,BR-SP,11 Aug 2023,L21434561,S146971207,,1
9,11704,species,acauã,Herpetotheres cachinnans,1,Sítio do Engenho,BR-SP,09 Aug 2023,L21434561,S146832995,,1
10,3611,species,joão-corta-pau,Antrostomus rufus,1,Sítio do Engenho,BR-SP,25 Jul 2023,L21434561,S145613862,,1
11,32095,species,american goldfinch,Spinus tristis,1,Toronto--High Park,CA-ON,09 Jul 2023,L11,S144042766,,1
12,21676,species,black-capped chickadee,Poecile atricapillus,2,Toronto--High Park,CA-ON,09 Jul 2023,L11,S144042766,,1
13,11175,species,downy woodpecker,Dryobates pubescens,1,Toronto--High Park,CA-ON,09 Jul 2023,L11,S144042766,,1
14,10022,species,guarda-rios-cintado,Megaceryle alcyon,2,Toronto--High Park,CA-ON,09 Jul 2023,L11,S144042766,,1
15,33327,species,common grackle,Quiscalus quiscula,1,Toronto--Spadina Quay wetlands,CA-ON,09 Jul 2023,L7424560,S144008681,,1
17,324,species,ganso-do-canadá,Branta canadensis,10,Toronto--HTO Park West,CA-ON,09 Jul 2023,L14162082,S144006192,,1
18,33251,species,red-winged blackbird,Agelaius phoeniceus,3,Toronto--Harbour Square Park,CA-ON,09 Jul 2023,L450752,S144000353,,1
19,28096,species,tordo-americano,Turdus migratorius,1,Toronto--Roundhouse Park,CA-ON,09 Jul 2023,L8905862,S143996337,,1
21,28029,species,sabiá-coleira,Turdus albicollis,1,Sítio do Engenho,BR-SP,30 Jun 2023,L21434561,S143165263,,1
22,14331,species,arapaçu-verde,Sittasomus griseicapillus,1,Sítio do Engenho,BR-SP,26 Jun 2023,L21434561,S142860533,,1
23,7840,species,gavião-pega-macaco,Spizaetus tyrannus,1,Sítio do Engenho,BR-SP,26 Jun 2023,L21434561,S142772673,,1
24,9346,species,surucuá-variado,Trogon surrucura,2,Sítio do Engenho,BR-SP,26 Jun 2023,L21434561,S142770049,,1
25,7364,species,savacu-de-coroa,Nyctanassa violacea,7,Florianópolis--Manguezal do Itacorubi,BR-SC,24 Jun 2023,L21263156,S142551244,,1
26,31369,species,caminheiro-zumbidor,Anthus chii,2,PNM das Dunas da Lagoa da Conceição--lagoas,BR-SC,24 Jun 2023,L3689144,S142546559,,1
27,30784,species,bico-de-lacre,Estrilda astrild,7,PNM das Dunas da Lagoa da Conceição--lagoas,BR-SC,24 Jun 2023,L3689144,S142546559,N,1
29,16388,species,guaracava-de-barriga-amarela,Elaenia flavogaster,1,PNM das Dunas da Lagoa da Conceição--lagoas,BR-SC,24 Jun 2023,L3689144,S142546559,,1
30,11694,species,pica-pau-do-campo,Colaptes campestris,1,PNM das Dunas da Lagoa da Conceição--lagoas,BR-SC,24 Jun 2023,L3689144,S142546559,,1
31,7944,species,gavião-do-banhado,Circus buffoni,1,PNM das Dunas da Lagoa da Conceição--lagoas,BR-SC,24 Jun 2023,L3689144,S142546559,,1
32,569,species,marreca-parda,Anas georgica,2,PNM das Dunas da Lagoa da Conceição--lagoas,BR-SC,24 Jun 2023,L3689144,S142546559,,1
33,551,species,marreca-toicinho,Anas bahamensis,2,PNM das Dunas da Lagoa da Conceição--lagoas,BR-SC,24 Jun 2023,L3689144,S142546559,,1
34,33476,species,pia-cobra-do-sul,Geothlypis velata,1,PE do Rio Vermelho--sede,BR-SC,24 Jun 2023,L21155795,S142532439,,1
35,20862,species,gralha-azul,Cyanocorax caeruleus,4,PE do Rio Vermelho--sede,BR-SC,24 Jun 2023,L21155795,S142532439,,1
36,10852,species,picapauzinho-de-coleira,Picumnus temminckii,1,PE do Rio Vermelho--sede,BR-SC,24 Jun 2023,L21155795,S142532439,,1
37,5136,species,beija-flor-de-garganta-verde,Chionomesa fimbriata,1,PE do Rio Vermelho--sede,BR-SC,24 Jun 2023,L21155795,S142532439,,1
38,3822,species,taperuçu-de-coleira-branca,Streptoprocne zonaris,1,PE do Rio Vermelho--sede,BR-SC,24 Jun 2023,L21155795,S142532439,,1
39,7172,species,atobá-pardo,Sula leucogaster,3,ESEC de Carijós--Pontal da Daniela,BR-SC,24 Jun 2023,L3846905,S142524019,,1
40,6713,species,trinta-réis-de-bando,Thalasseus sandvicensis,7,ESEC de Carijós--Pontal da Daniela,BR-SC,24 Jun 2023,L3846905,S142524019,,1
41,6643,species,trinta-réis-pequeno,Sternula superciliaris,3,ESEC de Carijós--Pontal da Daniela,BR-SC,24 Jun 2023,L3846905,S142524019,,1
42,6567,species,talha-mar,Rynchops niger,28,ESEC de Carijós--Pontal da Daniela,BR-SC,24 Jun 2023,L3846905,S142524019,,1
44,5770,species,piru-piru,Haematopus palliatus,3,ESEC de Carijós--Pontal da Daniela,BR-SC,24 Jun 2023,L3846905,S142524019,,1
45,5741,species,pernilongo-de-costas-negras/de-costas-brancas,Himantopus mexicanus,5,ESEC de Carijós--Pontal da Daniela,BR-SC,24 Jun 2023,L3846905,S142524019,,1
46,5414,species,saracura-três-potes,Aramides cajaneus,2,ESEC de Carijós--Pontal da Daniela,BR-SC,24 Jun 2023,L3846905,S142524019,,1
47,835,species,aracuã-escamoso,Ortalis squamata,3,ESEC de Carijós--Pontal da Daniela,BR-SC,24 Jun 2023,L3846905,S142518270,,1
48,6490,species,gaivotão,Larus dominicanus,2,Florianópolis--Jurerê,BR-SC,23 Jun 2023,L11683201,S142472594,,1
49,10028,species,martim-pescador-verde,Chloroceryle amazona,1,Universidade de São Paulo--Raia Olímpica,BR-SP,21 Jun 2023,L8365520,S142292246,,1
53,13212,species,choró-boi,Taraba major,1,FLONA Ipanema--Vila de São João,BR-SP,17 Jun 2023,L9794343,S141978611,,1
54,31504,species,gaturamo-verdadeiro,Euphonia violacea,1,Sítio do Engenho,BR-SP,05 Jun 2023,L21434561,S140621051,,1
55,16170,species,bico-chato-de-orelha-preta,Tolmomyias sulphurescens,1,Sítio do Engenho,BR-SP,03 Jun 2023,L21434561,S140329540,,1
56,13687,species,papa-taoca-do-sul,Pyriglena leucoptera,2,Sítio do Engenho,BR-SP,27 May 2023,L21434561,S139396105,,1
57,15302,species,pichororé,Synallaxis ruficapilla,1,Sítio do Engenho,BR-SP,26 May 2023,L21434561,S139350860,,1
58,11708,species,falcão-relógio,Micrastur semitorquatus,1,Sítio do Engenho,BR-SP,26 May 2023,L21434561,S139350860,,1
59,20948,species,gaio,Garrulus glandarius,2,Athens National Garden (Εθνικός Κήπος),GR-I,22 May 2023,L2694540,S138805724,,1
60,31018,species,pardal,Passer domesticus,20,Ancient Agora,GR-I,21 May 2023,L3768415,S138624282,,1
61,9394,species,poupa,Upupa epops,1,Ancient Agora,GR-I,21 May 2023,L3768415,S138624282,,1
62,4078,species,andorinhão-pálido,Apus pallidus,2,Ancient Agora,GR-I,21 May 2023,L3768415,S138624282,,1
63,5000,species,beija-flor-tesoura,Eupetomena macroura,,"Araçariguama, SP, 18147-000, Brasil",BR-SP,20 May 2023,L24972350,S140624680,,1
64,30998,species,ferreirinha,Prunella modularis,1,Parc départemental du Sausset,FR-IDF,18 May 2023,L6577786,S138211026,,1
65,24786,species,chapim-rabilongo,Aegithalos caudatus,6,Parc départemental du Sausset,FR-IDF,18 May 2023,L6577786,S138211026,,1
66,24432,species,felosinha-comum,Phylloscopus collybita,1,Parc départemental du Sausset,FR-IDF,18 May 2023,L6577786,S138211026,,1
67,23636,species,andorinha-do-barranco,Riparia riparia,6,Parc départemental du Sausset,FR-IDF,18 May 2023,L6577786,S138211026,,1
68,23263,species,rouxinol-pequeno-dos-caniços,Acrocephalus scirpaceus,3,Parc départemental du Sausset,FR-IDF,18 May 2023,L6577786,S138211026,,1
69,21186,species,gralha-preta,Corvus corone,1,Parc départemental du Sausset,FR-IDF,18 May 2023,L6577786,S138211026,,1
70,21076,species,pega,Pica pica,8,Parc départemental du Sausset,FR-IDF,18 May 2023,L6577786,S138211026,,1
71,12111,species,periquito-rabijunco,Psittacula krameri,4,Parc départemental du Sausset,FR-IDF,18 May 2023,L6577786,S138211026,N,1
72,7224,species,corvo-marinho-comum,Phalacrocorax carbo,1,Parc départemental du Sausset,FR-IDF,18 May 2023,L6577786,S138211026,,1
73,6686,species,trinta-réis-boreal,Sterna hirundo,2,Parc départemental du Sausset,FR-IDF,18 May 2023,L6577786,S138211026,,1
74,5461,species,galeirão-comum,Fulica atra,2,Parc départemental du Sausset,FR-IDF,18 May 2023,L6577786,S138211026,,1
75,1848,species,mergulhão-de-crista,Podiceps cristatus,4,Parc départemental du Sausset,FR-IDF,18 May 2023,L6577786,S138211026,,1
76,1804,species,mergulhão-pequeno-europeu,Tachybaptus ruficollis,1,Parc départemental du Sausset,FR-IDF,18 May 2023,L6577786,S138211026,,1
78,15750,species,caneleiro-preto,Pachyramphus polychopterus,1,Sítio do Engenho,BR-SP,01 May 2023,L21434561,S135661822,,1
79,14287,species,vira-folha/vira-folha-cearense,Sclerurus scansor,1,Sítio do Engenho,BR-SP,01 May 2023,L21434561,S135661822,,1
80,8235,species,gavião-carijó,Rupornis magnirostris,1,Sítio do Engenho,BR-SP,01 May 2023,L21434561,S135661822,,1
81,3032,species,peixe-frito-pavonino,Dromococcyx pavoninus,1,Sítio do Engenho,BR-SP,01 May 2023,L21434561,S135661822,,1
82,130,species,inhambu-chintã,Crypturellus tataupa,1,Sítio do Engenho,BR-SP,01 May 2023,L21434561,S135661822,,1
83,13204,species,borralhara,Mackenziaena severa,1,Sítio do Engenho,BR-SP,30 Apr 2023,L21434561,S135518673,,1
84,10922,species,pica-pau-branco,Melanerpes candidus,1,Sítio do Engenho,BR-SP,30 Apr 2023,L21434561,S135518673,,1
85,24843,species,toutinegra-de-barrete,Sylvia atricapilla,3,Giardini Pubblici di Venezia,IT-34,27 Apr 2023,L1626157,S135252104,,1
86,7575,species,african sacred ibis,Threskiornis aethiopicus,1,Venezia (area generale),IT-34,27 Apr 2023,L1272698,S135252160,N,1
87,10205,species,barbudo-rajado/rajado-pequeno,Malacoptila striata,,"Araçariguama, SP, 18147-000, Brasil",BR-SP,23 Apr 2023,L24972350,S140624681,,1
88,7421,species,garça-pequena-europeia,Egretta garzetta,,"San Polo, 30100 Venice, Metropolitan City of Venice, Ιταλία",IT-34,20 Apr 2023,L23959416,S135669912,,1
89,32050,species,milheirinha-europeia,Serinus serinus,,"San Polo, 30100 Venice, Metropolitan City of Venice, Ιταλία",IT-34,20 Apr 2023,L23959416,S135669913,,1
90,11757,species,peneireiro-de-dorso-malhado,Falco tinnunculus,,"Padua City Centre, Padua, Province of Padua, Ιταλία",IT-34,19 Apr 2023,L23959418,S135669916,,1
91,9629,species,guarda-rios,Alcedo atthis,,"Padua City Centre, Padua, Province of Padua, Ιταλία",IT-34,19 Apr 2023,L23959418,S135669917,,1
92,21786,species,chapim-real,Parus major,,"Padua City Centre, Padua, Province of Padua, Ιταλία",IT-34,19 Apr 2023,L23959418,S135669919,,1
94,33183,species,encontro,Icterus pyrrhopterus,,"Puerto Madero, Città Autonoma di Buenos Aires, Argentina",AR-C,16 Apr 2023,L23959417,S135669926,,1
95,5436,species,galinha-d'água-europeia,Gallinula chloropus,,"Padua City Centre, Padua, Province of Padua, Italia",IT-34,16 Apr 2023,L23959420,S135669931,,1
96,35278,species,bico-duro,Saltator aurantiirostris,3,Reserva Ecológica Costanera Sur,AR-C,16 Apr 2023,L472208,S133970118,,1
97,33393,species,asa-de-telha,Agelaioides badius,5,Reserva Ecológica Costanera Sur,AR-C,16 Apr 2023,L472208,S133970118,,1
98,26647,species,balança-rabo-de-máscara,Polioptila dumicola,5,Reserva Ecológica Costanera Sur,AR-C,16 Apr 2023,L472208,S133970118,,1
99,16445,species,alegrinho,Serpophaga subcristata,2,Reserva Ecológica Costanera Sur,AR-C,16 Apr 2023,L472208,S133970118,,1
100,16444,species,joão-pobre,Serpophaga nigricans,1,Reserva Ecológica Costanera Sur,AR-C,16 Apr 2023,L472208,S133970118,,1
101,15257,species,curutié,Certhiaxis cinnamomeus,3,Reserva Ecológica Costanera Sur,AR-C,16 Apr 2023,L472208,S133970118,,1
102,14644,species,arapaçu-de-cerrado,Lepidocolaptes angustirostris,2,Reserva Ecológica Costanera Sur,AR-C,16 Apr 2023,L472208,S133970118,,1
103,12878,species,periquito-de-cabeça-preta,Aratinga nenday,15,Reserva Ecológica Costanera Sur,AR-C,16 Apr 2023,L472208,S133970118,N,1
104,12576,species,caturrita,Myiopsitta monachus,6,Reserva Ecológica Costanera Sur,AR-C,16 Apr 2023,L472208,S133970118,,1
105,8250,species,gavião-asa-de-telha,Parabuteo unicinctus,4,Reserva Ecológica Costanera Sur,AR-C,16 Apr 2023,L472208,S133970118,,1
106,7552,species,caraúna,Plegadis chihi,7,Reserva Ecológica Costanera Sur,AR-C,16 Apr 2023,L472208,S133970118,,1
107,5486,species,carqueja-de-bico-amarelo,Fulica leucoptera,2,Reserva Ecológica Costanera Sur,AR-C,16 Apr 2023,L472208,S133970118,,1
108,5460,species,carqueja-de-bico-manchado,Fulica armillata,3,Reserva Ecológica Costanera Sur,AR-C,16 Apr 2023,L472208,S133970118,,1
109,5457,species,carqueja-de-escudo-vermelho,Fulica rufifrons,40,Reserva Ecológica Costanera Sur,AR-C,16 Apr 2023,L472208,S133970118,,1
110,5424,species,galinha-d'água-carijó,Porphyriops melanops,2,Reserva Ecológica Costanera Sur,AR-C,16 Apr 2023,L472208,S133970118,,1
111,1831,species,mergulhão-caçador,Podilymbus podiceps,1,Reserva Ecológica Costanera Sur,AR-C,16 Apr 2023,L472208,S133970118,,1
112,1798,species,mergulhão-de-orelha-branca,Rollandia rolland,12,Reserva Ecológica Costanera Sur,AR-C,16 Apr 2023,L472208,S133970118,,1
113,744,species,marreca-rabo-de-espinho,Oxyura vittata,8,Reserva Ecológica Costanera Sur,AR-C,16 Apr 2023,L472208,S133970118,,1
114,626,species,marrecão,Netta peposaca,16,Reserva Ecológica Costanera Sur,AR-C,16 Apr 2023,L472208,S133970118,,1
115,591,species,marreca-pardinha,Anas flavirostris,3,Reserva Ecológica Costanera Sur,AR-C,16 Apr 2023,L472208,S133970118,,1
116,456,species,marreca-cricri,Spatula versicolor,10,Reserva Ecológica Costanera Sur,AR-C,16 Apr 2023,L472208,S133970118,,1
117,432,species,marreca-de-coleira,Callonetta leucophrys,3,Reserva Ecológica Costanera Sur,AR-C,16 Apr 2023,L472208,S133970118,,1
118,376,species,capororoca,Coscoroba coscoroba,3,Reserva Ecológica Costanera Sur,AR-C,16 Apr 2023,L472208,S133970118,,1
119,362,species,cisne-de-pescoço-preto,Cygnus melancoryphus,6,Reserva Ecológica Costanera Sur,AR-C,16 Apr 2023,L472208,S133970118,,1
120,224,species,tachã,Chauna torquata,6,Reserva Ecológica Costanera Sur,AR-C,16 Apr 2023,L472208,S133970118,,1
121,11735,species,chimango,Daptrius chimango,,"Puerto Madero, Città Autonoma di Buenos Aires, Argentina",AR-C,12 Apr 2023,L23959417,S135669934,,1
122,15412,species,tangará,Chiroxiphia caudata,2,Sítio do Engenho,BR-SP,03 Apr 2023,L21434561,S132573773,,1
123,2298,species,rolinha-picuí,Columbina picui,2,Ponta Negra--Praia de Ponta Negra,BR-RN,30 Mar 2023,L22809384,S132758310,,1
124,6091,species,maçarico-pintado,Actitis macularius,1,Ponta Negra--Praia de Ponta Negra,BR-RN,29 Mar 2023,L22809384,S132110462,,1
125,14999,species,barranqueiro-de-olho-branco,Automolus leucophthalmus,1,"Araçariguama, SP, 18147-000, Brasil",BR-SP,20 Mar 2023,L21565473,S131357981,,1
126,13317,species,choca-da-mata,Thamnophilus caerulescens,1,"Araçariguama, SP, 18147-000, Brasil",BR-SP,20 Mar 2023,L21565473,S131357981,,1
128,16850,species,lavadeira-de-cara-branca,Fluvicola albiventer,,"Patos, PB, Brasil",BR-PB,08 Mar 2023,L23959425,S135669941,,1
130,5805,species,batuíra-de-bando,Charadrius semipalmatus,,"Barreiros, PE, Brasil",BR-PE,04 Mar 2023,L23959427,S135669943,,1
131,5782,species,batuiruçu-de-axila-preta,Pluvialis squatarola,,"Barreiros, PE, Brasil",BR-PE,04 Mar 2023,L23959427,S135669944,,1
132,5132,species,beija-flor-de-barriga-branca,Chrysuronia leucogaster,,"Tamandaré - PE, Brasil",BR-PE,02 Mar 2023,L23959428,S135669945,,1
133,23651,species,andorinha-do-rio,Tachycineta albiventer,2,"1558-1758 Avenida José Bezerra Sobrinho, Pernambuco, BR (-8,734, -35,089)",BR-PE,01 Mar 2023,L25208344,S141626984,,1
134,33704,species,pula-pula,Basileuterus culicivorus,1,"Araçariguama, SP, 18147-000, Brasil",BR-SP,24 Feb 2023,L21565473,S129488173,,1
135,14514,species,arapaçu-rajado,Xiphorhynchus fuscus,1,"Araçariguama, SP, 18147-000, Brasil",BR-SP,24 Feb 2023,L21565473,S129488173,,1
136,34083,species,cardeal,Paroaria coronata,2,Universidade de São Paulo--Praça do Relógio,BR-SP,17 Feb 2023,L8121084,S132758336,,1
137,15315,species,joão-teneném,Synallaxis spixi,,"Araçariguama, SP, 18147-000, Brasil",BR-SP,30 Jan 2023,L23959421,S135669950,,1
138,8926,species,coruja-buraqueira,Athene cunicularia,2,"972 Rua Joao De Candinha, São Paulo, BR (-23,577, -47,14)",BR-SP,28 Jan 2023,L22373035,S127087392,,1
139,4308,species,rabo-branco-de-garganta-rajada,Phaethornis eurynome,,"Araçariguama, SP, 18147-000, Brasil",BR-SP,19 Jan 2023,L23959421,S135669951,,1
140,31482,species,fim-fim,Euphonia chlorotica,1,Sítio do Engenho,BR-SP,18 Jan 2023,L21434561,S126423887,,1
141,34452,species,saíra-amarela,Stilpnia cayana,1,Sítio do Engenho,BR-SP,12 Jan 2023,L21434561,S125980854,,1
142,7562,species,tapicuru,Phimosus infuscatus,2,Sítio do Engenho,BR-SP,12 Jan 2023,L21434561,S125980854,,1
146,855,species,jacupemba,Penelope superciliaris,,"Parque Industrial, Vitória - ES, Brasil",BR-ES,28 Dec 2022,L23959432,S135669955,,1
148,27639,species,sabiá-da-praia,Mimus gilvus,4,Parque Pedra da Cebola,BR-ES,27 Dec 2022,L6340057,S124688398,,1
149,17066,species,neinei,Megarynchus pitangua,1,Roça - Governador Lindenberg,BR-ES,26 Dec 2022,L21888521,S124641037,,1
150,10677,species,araçari-de-bico-branco,Pteroglossus aracari,1,Roça - Governador Lindenberg,BR-ES,26 Dec 2022,L21888521,S124641037,,1
151,834,species,aracuã-de-barriga-branca,Ortalis araucuan,1,Roça - Governador Lindenberg,BR-ES,26 Dec 2022,L21888521,S124612131,,1
152,3023,species,anu-branco,Guira guira,1,Roça - Governador Lindenberg,BR-ES,25 Dec 2022,L21888521,S124569669,,1
153,13273,species,choca-listrada,Thamnophilus palliatus,1,Roça - Governador Lindenberg,BR-ES,25 Dec 2022,L21888521,S124563263,,1
155,2295,species,rolinha-fogo-apagou,Columbina squammata,1,Roça - Governador Lindenberg,BR-ES,25 Dec 2022,L21888521,S124563263,,1
156,34084,species,cardeal-do-nordeste,Paroaria dominicana,1,"ES-245, Espírito Santo, BR (-19,245, -40,482)",BR-ES,23 Dec 2022,L21888875,S124486600,,1
157,33134,species,guaxe,Cacicus haemorrhous,2,"ES-245, Espírito Santo, BR (-19,245, -40,482)",BR-ES,23 Dec 2022,L21888875,S124486600,,1
158,3028,species,saci,Tapera naevia,1,"ES-245, Espírito Santo, BR (-19,245, -40,482)",BR-ES,23 Dec 2022,L21888875,S124486600,,1
159,34958,species,bigodinho,Sporophila lineola,2,"ES-245, Espírito Santo, BR (-19,245, -40,482)",BR-ES,23 Dec 2022,L21888875,S124481163,,1
160,12887,species,maracanã,Primolius maracana,1,"ES-245, Espírito Santo, BR (-19,245, -40,482)",BR-ES,23 Dec 2022,L21888875,S124481163,,1
161,7631,species,urubu-de-cabeça-amarela,Cathartes burrovianus,1,Roça - Governador Lindenberg,BR-ES,23 Dec 2022,L21888521,S124468745,,1
162,231,species,irerê,Dendrocygna viduata,5,Sítio do Engenho,BR-SP,03 Dec 2022,L21434561,S123778494,,1
163,11595,species,pica-pau-de-cabeça-amarela,Celeus flavescens,1,São Paulo--Praça Pôr do Sol,BR-SP,12 Nov 2022,L10971805,S122277458,,1
164,33291,species,chupim,Molothrus bonariensis,5,Universidade de São Paulo--Praça do Relógio,BR-SP,11 Nov 2022,L8121084,S122239640,,1
165,17048,species,suiriri-cavaleiro,Machetornis rixosa,1,Universidade de São Paulo--Praça do Relógio,BR-SP,11 Nov 2022,L8121084,S122239640,,1
166,10732,species,tucano-de-bico-verde,Ramphastos dicolorus,3,Universidade de São Paulo--Praça do Relógio,BR-SP,11 Nov 2022,L8121084,S122239640,,1
167,3888,species,andorinhão-do-temporal,Chaetura meridionalis,1,Sítio do Engenho,BR-SP,10 Nov 2022,L21434561,S122165037,,1
168,2340,species,juriti-pupu,Leptotila verreauxi,,Sítio do Engenho,BR-SP,10 Nov 2022,L21434561,S122165037,,1
169,32115,species,pintassilgo,Spinus magellanicus,1,Sítio do Engenho,BR-SP,09 Nov 2022,L21434561,S122139958,,1
170,28123,species,sabiá-poca,Turdus amaurochalinus,,Sítio do Engenho,BR-SP,09 Nov 2022,L21434561,S122139958,,1
171,873,species,jacuguaçu,Penelope obscura,2,Sítio do Engenho,BR-SP,09 Nov 2022,L21434561,S122115800,,1
172,27612,species,sabiá-do-campo,Mimus saturninus,1,Sítio do Engenho,BR-SP,06 Nov 2022,L21434561,S121959603,,1
173,18704,species,pitiguari,Cyclarhis gujanensis,,Sítio do Engenho,BR-SP,06 Nov 2022,L21434561,S121959603,,1
174,11657,species,pica-pau-verde-barrado,Colaptes melanochloros,1,Sítio do Engenho,BR-SP,05 Nov 2022,L21434561,S122018582,,1
175,7927,species,sovi,Ictinia plumbea,1,Sítio do Engenho,BR-SP,05 Nov 2022,L21434561,S121891899,,1
176,10705,species,tucanuçu,Ramphastos toco,1,Pesqueiro Megalodon,BR-SP,05 Nov 2022,L21448117,S121886433,,1
177,34918,species,canário-da-terra,Sicalis flaveola,1,Sítio do Engenho,BR-SP,05 Nov 2022,L21434561,S121873909,,1
178,5442,species,galinha-d'água,Gallinula galeata,1,Sítio do Engenho,BR-SP,05 Nov 2022,L21434561,S121873909,,1
179,17116,species,bem-te-vi-rajado,Myiodynastes maculatus,2,Sítio do Engenho,BR-SP,04 Nov 2022,L21434561,S121848085,,1
180,17176,species,tesourinha/tesourinha-do-norte,Tyrannus savana,2,Sítio do Engenho,BR-SP,04 Nov 2022,L21434561,S121829072,,1
181,14763,species,joão-de-barro,Furnarius rufus,1,Sítio do Engenho,BR-SP,04 Nov 2022,L21434561,S121829072,,1
182,11727,species,carcará,Caracara plancus,1,Sítio do Engenho,BR-SP,04 Nov 2022,L21434561,S121829072,,1
183,439,species,marreca-ananaí,Amazonetta brasiliensis,2,Sítio do Engenho,BR-SP,04 Nov 2022,L21434561,S121829072,,1
184,18914,species,juruviara,Vireo chivi,,Sítio do Engenho,BR-SP,04 Nov 2022,L21434561,S121824051,,1
185,4942,species,beija-flor-de-fronte-violeta,Thalurania glaucopis,1,Sítio do Engenho,BR-SP,04 Nov 2022,L21434561,S121824051,,1
186,35031,species,coleirinho,Sporophila caerulescens,1,Sítio do Engenho,BR-SP,03 Nov 2022,L21434561,S121809837,,1
187,32629,species,tico-tico,Zonotrichia capensis,1,Sítio do Engenho,BR-SP,03 Nov 2022,L21434561,S121809837,,1
188,23713,species,andorinha-pequena-de-casa,Pygochelidon cyanoleuca,,Sítio do Engenho,BR-SP,03 Nov 2022,L21434561,S121809837,,1
189,12955,species,periquitão,Psittacara leucophthalmus,5,Sítio do Engenho,BR-SP,03 Nov 2022,L21434561,S121809837,,1
190,7561,species,coró-coró,Mesembrinibis cayennensis,1,Sítio do Engenho,BR-SP,03 Nov 2022,L21434561,S121809837,,1
191,7398,species,maria-faceira,Syrigma sibilatrix,1,Sítio do Engenho,BR-SP,03 Nov 2022,L21434561,S121809837,,1
192,5419,species,saracura-do-mato,Aramides saracura,1,Sítio do Engenho,BR-SP,03 Nov 2022,L21434561,S121809837,,1
193,1969,species,pomba-asa-branca,Patagioenas picazuro,2,Sítio do Engenho,BR-SP,03 Nov 2022,L21434561,S121809837,,1
194,34394,species,sanhaço-cinzento,Thraupis sayaca,3,Parque Eduardo Guinle,BR-RJ,30 Oct 2022,L11532167,S121561443,,1
195,12768,species,tiriba-de-testa-vermelha,Pyrrhura frontalis,1,Parque Eduardo Guinle,BR-RJ,30 Oct 2022,L11532167,S121561443,,1
197,27995,species,sabiá-barranco,Turdus leucomelas,,"74 Rua Soares Cabral, Rio de Janeiro, BR (-22,937, -43,186)",BR-RJ,29 Oct 2022,L21387228,S121521894,,1
198,35086,species,cambacica,Coereba flaveola,,Parque Eduardo Guinle,BR-RJ,29 Oct 2022,L11532167,S121522131,,1
199,28039,species,sabiá-laranjeira,Turdus rufiventris,1,Parque Eduardo Guinle,BR-RJ,29 Oct 2022,L11532167,S121522131,,1
200,7260,species,biguá,Nannopterum brasilianum,1,Parque Eduardo Guinle,BR-RJ,29 Oct 2022,L11532167,S121522131,,1
201,2286,species,rolinha-roxa,Columbina talpacoti,1,Parque Eduardo Guinle,BR-RJ,29 Oct 2022,L11532167,S121522131,,1
202,1874,species,pombo-doméstico,Columba livia,17,Parque Eduardo Guinle,BR-RJ,29 Oct 2022,L11532167,S121522131,N,1
203,423,species,pato-do-mato,Cairina moschata,,Parque Eduardo Guinle,BR-RJ,29 Oct 2022,L11532167,S121522131,,1
204,34499,species,plain-colored tanager,Tangara inornata,2,Gamboa (town),PA-3,26 Oct 2022,L454673,S121662529,,1
205,33557,species,mariquita-amarela,Setophaga petechia,1,Gamboa (town),PA-3,26 Oct 2022,L454673,S121662529,,1
206,35001,species,variable seedeater,Sporophila corvina,2,Ammo Dump Ponds,PA-3,25 Oct 2022,L1740339,S121458177,,1
207,34951,species,tiziu,Volatinia jacarina,1,Ammo Dump Ponds,PA-3,25 Oct 2022,L1740339,S121458177,,1
208,34402,species,sanhaço-do-coqueiro,Thraupis palmarum,1,Ammo Dump Ponds,PA-3,25 Oct 2022,L1740339,S121458177,,1
209,34080,species,papa-capim-americano,Spiza americana,1,Ammo Dump Ponds,PA-3,25 Oct 2022,L1740339,S121458177,,1
210,33426,species,abana-rabo-de-baixada,Parkesia noveboracensis,1,Ammo Dump Ponds,PA-3,25 Oct 2022,L1740339,S121458177,,1
211,23772,species,andorinha-de-bando,Hirundo rustica,15,Ammo Dump Ponds,PA-3,25 Oct 2022,L1740339,S121458177,,1
212,23701,species,andorinha-serradora,Stelgidopteryx ruficollis,10,Ammo Dump Ponds,PA-3,25 Oct 2022,L1740339,S121458177,,1
213,17079,species,bentevizinho-de-penacho-vermelho,Myiozetetes similis,1,Ammo Dump Ponds,PA-3,25 Oct 2022,L1740339,S121458177,,1
214,17055,species,bem-te-vi,Pitangus sulphuratus,1,Ammo Dump Ponds,PA-3,25 Oct 2022,L1740339,S121458177,,1
216,13237,species,choca-barrada/choca-barrada-do-nordeste,Thamnophilus doliatus,2,Ammo Dump Ponds,PA-3,25 Oct 2022,L1740339,S121458177,,1
217,11519,species,pica-pau-de-banda-branca,Dryocopus lineatus,1,Ammo Dump Ponds,PA-3,25 Oct 2022,L1740339,S121458177,,1
218,7514,species,garça-azul-grande,Ardea herodias,1,Ammo Dump Ponds,PA-3,25 Oct 2022,L1740339,S121458177,,1
219,7469,species,socó-mirim,Butorides virescens,1,Ammo Dump Ponds,PA-3,25 Oct 2022,L1740339,S121458177,,1
220,7401,species,garça-azul,Egretta caerulea,1,Ammo Dump Ponds,PA-3,25 Oct 2022,L1740339,S121458177,,1
221,6188,species,maçarico-de-colete,Calidris melanotos,1,Ammo Dump Ponds,PA-3,25 Oct 2022,L1740339,S121458177,,1
222,5613,species,white-throated crake,Laterallus albigularis,4,Ammo Dump Ponds,PA-3,25 Oct 2022,L1740339,S121458177,,1
223,5489,species,frango-d'água-azul,Porphyrio martinica,2,Ammo Dump Ponds,PA-3,25 Oct 2022,L1740339,S121458177,,1
225,42,species,inhambu-serra,Tinamus major,1,Ammo Dump Ponds,PA-3,25 Oct 2022,L1740339,S121458177,,1
226,27179,species,song wren,Cyphorhinus phaeocephalus,7,Pipeline Road,PA-3,25 Oct 2022,L8603093,S121386102,,1
227,16615,species,piuí-verdadeiro-do-leste,Contopus virens,7,Pipeline Road,PA-3,25 Oct 2022,L8603093,S121386102,,1
228,15884,species,patinho-de-coroa-dourada,Platyrinchus coronatus,1,Pipeline Road,PA-3,25 Oct 2022,L8603093,S121386102,,1
229,14539,species,cocoa woodcreeper,Xiphorhynchus susurrans,2,Pipeline Road,PA-3,25 Oct 2022,L8603093,S121386102,,1
230,11553,species,cinnamon woodpecker,Celeus loricatus,4,Pipeline Road,PA-3,25 Oct 2022,L8603093,S121386102,,1
231,10170,species,black-breasted puffbird,Notharchus pectoralis,3,Pipeline Road,PA-3,25 Oct 2022,L8603093,S121386102,,1
232,8293,species,gavião-de-asa-larga,Buteo platypterus,3,Pipeline Road,PA-3,25 Oct 2022,L8603093,S121386102,,1
233,7922,species,gavião-ripina,Harpagus bidentatus,2,Pipeline Road,PA-3,25 Oct 2022,L8603093,S121386102,,1
234,6743,species,pavãozinho-do-pará,Eurypyga helias,1,Pipeline Road,PA-3,25 Oct 2022,L8603093,S121386102,,1
235,3762,species,urutau-grande,Nyctibius grandis,1,Pipeline Road,PA-3,25 Oct 2022,L8603093,S121386102,,1
236,10017,species,martim-pescador-grande,Megaceryle torquata,1,Lago Gatún,PA-3,24 Oct 2022,L5377870,S121386092,,1
237,9601,species,juruva-ruiva,Baryphthengus martii,1,Lago Gatún,PA-3,24 Oct 2022,L5377870,S121386092,,1
238,9311,species,slaty-tailed trogon,Trogon massena,2,Lago Gatún,PA-3,24 Oct 2022,L5377870,S121386092,,1
239,7917,species,gavião-caramujeiro,Rostrhamus sociabilis,5,Lago Gatún,PA-3,24 Oct 2022,L5377870,S121386092,,1
240,7640,species,águia-pescadora,Pandion haliaetus,1,Lago Gatún,PA-3,24 Oct 2022,L5377870,S121386092,,1
241,7523,species,garça-moura,Ardea cocoi,1,Lago Gatún,PA-3,24 Oct 2022,L5377870,S121386092,,1
242,7491,species,garça-branca-grande,Ardea alba,3,Lago Gatún,PA-3,24 Oct 2022,L5377870,S121386092,,1
243,5956,species,jaçanã,Jacana jacana,7,Lago Gatún,PA-3,24 Oct 2022,L5377870,S121386092,,1
244,5642,species,carão,Aramus guarauna,2,Lago Gatún,PA-3,24 Oct 2022,L5377870,S121386092,,1
245,3024,species,anu-coroca,Crotophaga major,3,Lago Gatún,PA-3,24 Oct 2022,L5377870,S121386092,,1
246,7312,species,socó-boi,Tigrisoma lineatum,2,Ammo Dump Ponds,PA-3,23 Oct 2022,L1740339,S121386086,,1
247,34598,species,saí-azul,Dacnis cayana,1,Gamboa (town),PA-3,23 Oct 2022,L454673,S121385961,,1
248,34378,species,sanhaço-da-amazônia,Thraupis episcopus,3,Gamboa (town),PA-3,23 Oct 2022,L454673,S121385961,,1
249,34267,species,crimson-backed tanager,Ramphocelus dimidiatus,4,Gamboa (town),PA-3,23 Oct 2022,L454673,S121385961,,1
250,28042,species,clay-colored thrush,Turdus grayi,1,Gamboa (town),PA-3,23 Oct 2022,L454673,S121385961,,1
251,26737,species,corruíra,Troglodytes aedon,1,Gamboa (town),PA-3,23 Oct 2022,L454673,S121385961,,1
252,9581,species,whooping motmot,Momotus subrufescens,1,Gamboa (town),PA-3,23 Oct 2022,L454673,S121385961,,1
253,816,species,gray-headed chachalaca,Ortalis cinereiceps,4,Gamboa (town),PA-3,23 Oct 2022,L454673,S121385961,,1
254,33119,species,scarlet-rumped cacique,Cacicus uropygialis,2,Achiote Rd.--Sendero El Trogón,PA-3,22 Oct 2022,L454697,S121457761,,1
255,13431,species,checker-throated stipplethroat,Epinecrophylla fulviventris,1,Achiote Rd.--Sendero El Trogón,PA-3,22 Oct 2022,L454697,S121457761,,1
256,12666,species,papagaio-diadema,Amazona autumnalis,2,Achiote Rd.--Sendero El Trogón,PA-3,22 Oct 2022,L454697,S121457761,,1
257,10669,species,collared aracari,Pteroglossus torquatus,3,Achiote Rd.--Sendero El Trogón,PA-3,22 Oct 2022,L454697,S121457761,,1
258,9333,species,gartered trogon,Trogon caligatus,1,Achiote Rd.--Sendero El Trogón,PA-3,22 Oct 2022,L454697,S121457761,,1
259,33338,species,great-tailed grackle,Quiscalus mexicanus,12,Ft.Sherman--Shelter Bay Marina & Kennedy Loop Place,PA-3,22 Oct 2022,L2440821,S121457374,,1
260,23678,species,andorinha-grande,Progne chalybea,6,Ft.Sherman--Shelter Bay Marina & Kennedy Loop Place,PA-3,22 Oct 2022,L2440821,S121457374,,1
261,23655,species,mangrove swallow,Tachycineta albilinea,5,Ft.Sherman--Shelter Bay Marina & Kennedy Loop Place,PA-3,22 Oct 2022,L2440821,S121457374,,1
262,17156,species,suiriri-valente,Tyrannus tyrannus,8,Ft.Sherman--Shelter Bay Marina & Kennedy Loop Place,PA-3,22 Oct 2022,L2440821,S121457374,,1
263,17139,species,suiriri,Tyrannus melancholicus,10,Ft.Sherman--Shelter Bay Marina & Kennedy Loop Place,PA-3,22 Oct 2022,L2440821,S121457374,,1
264,17021,species,great crested flycatcher,Myiarchus crinitus,1,Ft.Sherman--Shelter Bay Marina & Kennedy Loop Place,PA-3,22 Oct 2022,L2440821,S121457374,,1
265,10718,species,keel-billed toucan,Ramphastos sulfuratus,4,Ft.Sherman--Shelter Bay Marina & Kennedy Loop Place,PA-3,22 Oct 2022,L2440821,S121457374,,1
266,7624,species,urubu-de-cabeça-vermelha,Cathartes aura,4,Ft.Sherman--Shelter Bay Marina & Kennedy Loop Place,PA-3,22 Oct 2022,L2440821,S121457374,,1
267,7620,species,urubu-preto,Coragyps atratus,13,Ft.Sherman--Shelter Bay Marina & Kennedy Loop Place,PA-3,22 Oct 2022,L2440821,S121457374,,1
268,7147,species,fragata,Fregata magnificens,1,Ft.Sherman--Shelter Bay Marina & Kennedy Loop Place,PA-3,22 Oct 2022,L2440821,S121457374,,1
269,1960,species,pomba-galega,Patagioenas cayennensis,5,Ft.Sherman--Shelter Bay Marina & Kennedy Loop Place,PA-3,22 Oct 2022,L2440821,S121457374,,1
270,12638,species,maitaca-verde,Pionus maximiliani,,"Araçariguama, SP, 18147-000, Brasil",BR-SP,18 Sep 2022,L21565473,S122601806,,1
271,16223,species,gibão-de-couro,Hirundinea ferruginea,,"Araçariguama, SP, 18147-000, Brasil",BR-SP,18 Sep 2022,L21565473,S122601807,,1
272,16851,species,lavadeira-mascarada,Fluvicola nengeta,,"Araçariguama, SP, 18147-000, Brasil",BR-SP,17 Sep 2022,L21565473,S122601808,,1
273,4307,species,rabo-branco-acanelado,Phaethornis pretrei,,"Araçariguama, SP, 18147-000, Brasil",BR-SP,16 Sep 2022,L21565473,S122601809,,1
274,34362,species,saíra-viúva,Pipraeidea melanonota,,"Araçariguama, SP, 18147-000, Brasil",BR-SP,06 Sep 2022,L21565473,S122601810,,1
275,16247,species,risadinha,Camptostoma obsoletum,,"Araçariguama, SP, 18147-000, Brasil",BR-SP,06 Sep 2022,L21565473,S122601811,,1
276,7195,species,biguatinga,Anhinga anhinga,,"Araçariguama, SP, 18147-000, Brasil",BR-SP,05 Sep 2022,L21565473,S122601812,,1
278,7416,species,garça-branca-pequena,Egretta thula,,"Araçariguama, SP, 18147-000, Brasil",BR-SP,31 Aug 2022,L21565473,S122601813,,1
279,33537,species,mariquita,Setophaga pitiayumi,,"Araçariguama, SP, 18147-000, Brasil",BR-SP,31 Aug 2022,L21565473,S122601814,,1
280,7373,species,socó-dorminhoco,Nycticorax nycticorax,,"Araçariguama, SP, 18147-000, Brasil",BR-SP,21 Aug 2022,L21565473,S122601815,,1
281,34224,species,tiê-preto,Tachyphonus coronatus,,"Araçariguama, SP, 18147-000, Brasil",BR-SP,02 Aug 2022,L21565473,S122601816,,1
282,13198,species,chocão-carijó,Hypoedaleus guttatus,,"Araçariguama, SP, 18147-000, Brasil",BR-SP,26 Jul 2022,L21565473,S122601817,,1
283,7439,species,socozinho,Butorides striata,,"Rua Jardim Botânico próximo ao 296-328 - Lagoa, Rio de Janeiro - RJ, 22470-050, Brasil",BR-RJ,29 May 2022,L21565474,S122601818,,1
284,11731,species,carrapateiro,Daptrius chimachima,,"Urca, Rio de Janeiro - RJ, Brasil",BR-RJ,28 May 2022,L21565475,S122601882,,1
285,6009,species,milherango,Limosa limosa,,Ireland,IE-L,11 May 2022,L21565476,S122601819,,1
286,6496,species,gaivota-prateada,Larus argentatus,,Dublin Airport (DUB),IE-L,10 May 2022,L21565477,S122601820,,1
287,28756,species,pisco-de-peito-ruivo,Erithacus rubecula,,"Oxfordshire, England, GB",GB-ENG,08 May 2022,L21565479,S122601821,,1
288,7507,species,garça-moura-europeia,Ardea cinerea,,Hinxton,GB-ENG,06 May 2022,L21565480,S122601822,,1
289,27356,species,estorninho,Sturnus vulgaris,,"Cambridgeshire, England, GB",GB-ENG,05 May 2022,L21565481,S122601823,,1
290,31202,species,alvéola-branca,Motacilla alba,,"Hinxton Hall, Wellcome Trust Genome Campus, Hinxton, Saffron Walden CB10 1RQ, Reino Unido",GB-ENG,05 May 2022,L21565482,S122601824,,1
291,1906,species,pombo-torcaz,Columba palumbus,,"Hinxton Hall, Wellcome Trust Genome Campus, Hinxton, Saffron Walden CB10 1RQ, Reino Unido",GB-ENG,05 May 2022,L21565482,S122601824,,1
292,27987,species,melro,Turdus merula,,"Whittlesford Parkway, Whittlesford, Cambridge CB22 4PL, Reino Unido",GB-ENG,05 May 2022,L21565483,S122601826,,1
293,3211,species,alma-de-gato,Piaya cayana,,"Vila Indiana, São Paulo - SP, Brasil",BR-SP,29 Apr 2022,L21565484,S122601827,,1
294,7487,species,garça-vaqueira,Bubulcus ibis,,"Vitoria, BR-ES, BR",BR-ES,14 Dec 2021,L21565485,S122601828,,1
296,515,species,pato-real,Anas platyrhynchos,,"Estació de Sagrada Família, Barcelona, Espanha",ES-CT,13 Nov 2021,L21535353,S122413200,,1
297,2051,species,rola-de-colar,Streptopelia decaocto,,Catedral de Barcelona,ES-CT,06 Nov 2021,L21565488,S122601831,,1
298,6507,species,gaivota-de-patas-amarelas,Larus michahellis,,Espanha,ES-CT,05 Nov 2021,L21557005,S122549237,,1
299,6434,species,gaivota-de-capuz-escuro,Chroicocephalus ridibundus,,Espanha,ES-CT,05 Nov 2021,L21557005,S122549238,,1
300,12585,species,periquito-rico,Brotogeris tirica,,"Vila Indiana, São Paulo - SP, Brasil",BR-SP,29 Oct 2021,L21557006,S122549239,,1
301,3025,species,anu-preto,Crotophaga ani,,"Departamento de Jornalismo e Editoração - CJE - Butantã, São Paulo - SP, 05466, Brasil",BR-SP,27 Feb 2020,L21557007,S122549240,,1
302,263,species,ganso-bravo,Anser anser,,Londres,GB-ENG,03 Sep 2019,L21557008,S122549241,,1
303,33193,species,corrupião,Icterus jamacaii,,Governador Lindenberg,BR-ES,26 Dec 2015,L21557009,S122549242,,1
304,21189,species,gralha-cinzenta,Corvus cornix,,Schönbrunn,AT-9,01 Oct 2013,L21557010,S122549243,,1
305,5862,species,quero-quero,Vanellus chilensis,,"Foz do Iguaçu, PR, Brasil",BR-PR,11 Oct 2010,L21535223,S122412262,,1
306,7549,species,guará,Eudocimus ruber,,"Belém, PA, Brasil",BR-PA,08 Jan 2009,L21535171,S122411894,,1
307,2415,species,avoante,Zenaida auriculata,,"Fernando de Noronha - PE, Brasil",BR-PE,07 Jan 2008,L21557013,S122549246,,1
77,254,species,ganso-de-cabeça-listada,Anser indicus,1,Parc départemental du Sausset,FR-IDF,18 May 2023,L6577786,S138211026,X,0
196,360,species,cisne-preto,Cygnus atratus,1,Parque Eduardo Guinle,BR-RJ,30 Oct 2022,L11532167,S121561443,X,0
295,1515,species,pavão-real,Pavo cristatus,,"Goiabeiras, Vitória - ES, 29066, Brasil",BR-ES,14 Dec 2021,L21565486,S122601829,X,0
16,6562,spuh,gaivota-de-asas-brancas (Larus) sp.,Larus sp. (white-winged gull sp.),15,Toronto--HTO Park West,CA-ON,09 Jul 2023,L14162082,S144006192,,0
20,6563,spuh,Larus sp.,Larus sp.,2,Toronto--Olympic Park,CA-ON,09 Jul 2023,L11087735,S143995932,,0
28,28289,spuh,Turdus sp.,Turdus sp.,1,PNM das Dunas da Lagoa da Conceição--lagoas,BR-SC,24 Jun 2023,L3689144,S142546559,,0
43,6120,spuh,tringa sp. (maçarico),Tringa sp.,1,ESEC de Carijós--Pontal da Daniela,BR-SC,24 Jun 2023,L3846905,S142524019,,0
50,7543,spuh,Ardeidae sp.,Ardeidae sp.,1,Sítio do Engenho,BR-SP,18 Jun 2023,L21434561,S141992772,,0
51,35053,spuh,Sporophila sp.,Sporophila sp.,3,FLONA Ipanema--Vila de São João,BR-SP,17 Jun 2023,L9794343,S141978611,,0
52,16436,spuh,Elaenia sp.,Elaenia sp.,1,FLONA Ipanema--Vila de São João,BR-SP,17 Jun 2023,L9794343,S141978611,,0
93,5487,spuh,fulica sp. (carqueja),Fulica sp.,35,Reserva Ecológica Costanera Sur,AR-C,19 Apr 2023,L472208,S134313424,,0
127,4311,spuh,Phaethornis sp.,Phaethornis sp.,1,"Araçariguama, SP, 18147-000, Brasil",BR-SP,20 Mar 2023,L21565473,S131357981,,0
129,2303,spuh,Columbina sp.,Columbina sp.,3,Fazenda Carnaúba - Taperoá,BR-PB,06 Mar 2023,L22934451,S130298921,,0
143,12966,spuh,psittaciformes sp. (parrot sp.),Psittaciformes sp. (parrot sp.),1,Sítio do Engenho,BR-SP,11 Jan 2023,L21434561,S125944321,,0
144,2022,spuh,Patagioenas sp.,Patagioenas sp.,2,Sítio do Engenho,BR-SP,05 Jan 2023,L21434561,S126314137,,0
145,250,spuh,Dendrocygna sp.,Dendrocygna sp.,2,Sítio do Engenho,BR-SP,05 Jan 2023,L21434561,S126314137,,0
147,881,spuh,penelope sp. (jacu),Penelope sp.,4,Vitória--Jardim Botânico da Vale,BR-ES,28 Dec 2022,L4153207,S124751490,,0
154,7635,spuh,Cathartes sp.,Cathartes sp.,20,Roça - Governador Lindenberg,BR-ES,25 Dec 2022,L21888521,S124563263,,0
215,16687,spuh,Empidonax sp.,Empidonax sp.,1,Ammo Dump Ponds,PA-3,25 Oct 2022,L1740339,S121458177,,0
224,3522,spuh,Chordeiles sp.,Chordeiles sp.,1,Ammo Dump Ponds,PA-3,25 Oct 2022,L1740339,S121458177,,0
277,295,spuh,Anser sp.,Anser sp.,,"Araçariguama, SP, 18147-000, Brasil",BR-SP,04 Sep 2022,L21565473,S122601880,X,0
